scenario_id,epsilon,trial,mode,game_value,value_delta_from_baseline,utility_l2_delta,payoff_matrix_l2_delta,batter_max_behavioural_delta_from_baseline,pitcher_max_behavioural_delta_from_baseline,primal_solver_message,dual_solver_message
1,0.0,0,range_scaled,-0.16545226894307696,0.0,0.0,0.0,0.0,0.0,Optimization terminated successfully. (HiGHS Status 7: Optimal),Optimization terminated successfully. (HiGHS Status 7: Optimal)
2,0.01,0,range_scaled,-0.16130201299104438,0.004150255952032583,0.6434638355620304,0.0851322655178906,1.0,0.9006971941593078,Optimization terminated successfully. (HiGHS Status 7: Optimal),Optimization terminated successfully. (HiGHS Status 7: Optimal)
3,0.01,1,range_scaled,-0.16903681933379408,-0.0035845503907171172,0.6670537301402484,0.07970728121255216,1.0,0.8331429766919344,Optimization terminated successfully. (HiGHS Status 7: Optimal),Optimization terminated successfully. (HiGHS Status 7: Optimal)
4,0.01,2,range_scaled,-0.16889507000163295,-0.0034428010585559887,0.653269095125268,0.06754361156282047,1.0,0.875,Optimization terminated successfully. (HiGHS Status 7: Optimal),Optimization terminated successfully. (HiGHS Status 7: Optimal)
5,0.01,3,range_scaled,-0.1692991748794656,-0.003846905936388645,0.6438153797202056,0.06683917697004721,0.8317295052344474,0.8940225925312291,Optimization terminated successfully. (HiGHS Status 7: Optimal),Optimization terminated successfully. (HiGHS Status 7: Optimal)
6,0.01,4,range_scaled,-0.16434236237583408,0.0011099065672428854,0.6613273154228272,0.08414270629493245,0.7797230890437469,0.924822434774767,Optimization terminated successfully. (HiGHS Status 7: Optimal),Optimization terminated successfully. (HiGHS Status 7: Optimal)
7,0.01,5,range_scaled,-0.162617556894557,0.002834712048519955,0.6413644945936291,0.07049150230807044,0.513041170613597,0.9625180703948404,Optimization terminated successfully. (HiGHS Status 7: Optimal),Optimization terminated successfully. (HiGHS Status 7: Optimal)
8,0.01,6,range_scaled,-0.16928027193484105,-0.0038280029917640845,0.6606892652317156,0.07741910437404236,1.0,0.875,Optimization terminated successfully. (HiGHS Status 7: Optimal),Optimization terminated successfully. (HiGHS Status 7: Optimal)
9,0.01,7,range_scaled,-0.17348737291958785,-0.008035103976510888,0.6531329712031329,0.07554690799572826,1.0,0.8884519618607909,Optimization terminated successfully. (HiGHS Status 7: Optimal),Optimization terminated successfully. (HiGHS Status 7: Optimal)
10,0.01,8,range_scaled,-0.1567511957754119,0.008701073167665052,0.6530391926982787,0.07498249884209914,1.0,0.9874709396139637,Optimization terminated successfully. (HiGHS Status 7: Optimal),Optimization terminated successfully. (HiGHS Status 7: Optimal)
11,0.01,9,range_scaled,-0.1645233691468921,0.0009288997961848511,0.64940280762586,0.08593243013791743,1.0,0.9515496166510989,Optimization terminated successfully. (HiGHS Status 7: Optimal),Optimization terminated successfully. (HiGHS Status 7: Optimal)
12,0.01,10,range_scaled,-0.17666358758055822,-0.01121131863748126,0.6439724053973926,0.079720861913514,1.0,0.875,Optimization terminated successfully. (HiGHS Status 7: Optimal),Optimization terminated successfully. (HiGHS Status 7: Optimal)
13,0.01,11,range_scaled,-0.1752990632704942,-0.009846794327417224,0.6552621469532076,0.06585497995330464,0.35459983739423045,0.9835935726990022,Optimization terminated successfully. (HiGHS Status 7: Optimal),Optimization terminated successfully. (HiGHS Status 7: Optimal)
14,0.01,12,range_scaled,-0.17209539921672937,-0.006643130273652403,0.6585085274330013,0.07487112195707768,1.0,0.875,Optimization terminated successfully. (HiGHS Status 7: Optimal),Optimization terminated successfully. (HiGHS Status 7: Optimal)
15,0.01,13,range_scaled,-0.17464306800381482,-0.009190799060737859,0.6638153466818355,0.08451750854578202,1.0,1.0,Optimization terminated successfully. (HiGHS Status 7: Optimal),Optimization terminated successfully. (HiGHS Status 7: Optimal)
16,0.01,14,range_scaled,-0.17117343960566048,-0.0057211706625835135,0.6484927171353898,0.08627496110166553,1.0,0.875,Optimization terminated successfully. (HiGHS Status 7: Optimal),Optimization terminated successfully. (HiGHS Status 7: Optimal)
17,0.01,15,range_scaled,-0.17000594455601717,-0.004553675612940206,0.6583915316239701,0.09830681904579937,1.0,0.875,Optimization terminated successfully. (HiGHS Status 7: Optimal),Optimization terminated successfully. (HiGHS Status 7: Optimal)
18,0.01,16,range_scaled,-0.17322216617940775,-0.007769897236330786,0.6544510207360985,0.09062550438533029,1.0,0.875,Optimization terminated successfully. (HiGHS Status 7: Optimal),Optimization terminated successfully. (HiGHS Status 7: Optimal)
19,0.01,17,range_scaled,-0.16379830594448871,0.0016539629985882487,0.6491436776714311,0.06998879123618207,0.5197246484323633,0.875,Optimization terminated successfully. (HiGHS Status 7: Optimal),Optimization terminated successfully. (HiGHS Status 7: Optimal)
20,0.01,18,range_scaled,-0.17336997314145117,-0.007917704198374204,0.6484700093126766,0.07183948568473092,0.8317295052344474,0.875,Optimization terminated successfully. (HiGHS Status 7: Optimal),Optimization terminated successfully. (HiGHS Status 7: Optimal)
21,0.01,19,range_scaled,-0.17389959187927095,-0.00844732293619399,0.6528532754731269,0.0806558573363845,0.8317295052344474,0.875,Optimization terminated successfully. (HiGHS Status 7: Optimal),Optimization terminated successfully. (HiGHS Status 7: Optimal)
22,0.05,0,range_scaled,-0.22150567940092525,-0.056053410457848285,3.1920815335721677,0.3284845837238545,1.0,0.9659637092889977,Optimization terminated successfully. (HiGHS Status 7: Optimal),Optimization terminated successfully. (HiGHS Status 7: Optimal)
23,0.05,1,range_scaled,-0.23869409474645026,-0.0732418258033733,3.183557994036207,0.37567206548699417,1.0,0.875,Optimization terminated successfully. (HiGHS Status 7: Optimal),Optimization terminated successfully. (HiGHS Status 7: Optimal)
24,0.05,2,range_scaled,-0.1650249463488476,0.0004273225942293679,3.2333799858597767,0.395153169710525,0.5,0.875,Optimization terminated successfully. (HiGHS Status 7: Optimal),Optimization terminated successfully. (HiGHS Status 7: Optimal)
25,0.05,3,range_scaled,-0.21879237968691867,-0.05334011074384171,3.2527272018751434,0.32071619967649534,1.0,0.8955737826324829,Optimization terminated successfully. (HiGHS Status 7: Optimal),Optimization terminated successfully. (HiGHS Status 7: Optimal)
26,0.05,4,range_scaled,-0.17908908509284058,-0.013636816149763614,3.269362570942993,0.5117904708687827,0.5,1.0,Optimization terminated successfully. (HiGHS Status 7: Optimal),Optimization terminated successfully. (HiGHS Status 7: Optimal)
27,0.05,5,range_scaled,-0.2127597002948825,-0.04730743135180554,3.2482884453029945,0.3873676206528551,1.0,0.8331429766919344,Optimization terminated successfully. (HiGHS Status 7: Optimal),Optimization terminated successfully. (HiGHS Status 7: Optimal)
28,0.05,6,range_scaled,-0.1622364662492521,0.0032158026938248763,3.304212022651311,0.4037576884201702,0.5,0.875,Optimization terminated successfully. (HiGHS Status 7: Optimal),Optimization terminated successfully. (HiGHS Status 7: Optimal)
29,0.05,7,range_scaled,-0.25535049037939794,-0.08989822143632098,3.3202326748886395,0.40495619050933157,1.0,0.875,Optimization terminated successfully. (HiGHS Status 7: Optimal),Optimization terminated successfully. (HiGHS Status 7: Optimal)
30,0.05,8,range_scaled,-0.1673573816009632,-0.001905112657886232,3.270061925993039,0.41395768800596267,0.5,1.0,Optimization terminated successfully. (HiGHS Status 7: Optimal),Optimization terminated successfully. (HiGHS Status 7: Optimal)
31,0.05,9,range_scaled,-0.21952634807318622,-0.054074079130109254,3.3218334732749697,0.39207416369822756,1.0,0.875,Optimization terminated successfully. (HiGHS Status 7: Optimal),Optimization terminated successfully. (HiGHS Status 7: Optimal)
32,0.05,10,range_scaled,-0.12548851387230703,0.039963755070769935,3.2827193964204033,0.3828736382428728,0.5,1.0,Optimization terminated successfully. (HiGHS Status 7: Optimal),Optimization terminated successfully. (HiGHS Status 7: Optimal)
33,0.05,11,range_scaled,-0.19112027155683817,-0.025668002613761204,3.2521496693365317,0.35463614667106386,1.0,0.9610886538448979,Optimization terminated successfully. (HiGHS Status 7: Optimal),Optimization terminated successfully. (HiGHS Status 7: Optimal)
34,0.05,12,range_scaled,-0.19705988794187101,-0.03160761899879405,3.2366364775032035,0.3683227720688035,1.0,0.875,Optimization terminated successfully. (HiGHS Status 7: Optimal),Optimization terminated successfully. (HiGHS Status 7: Optimal)
35,0.05,13,range_scaled,-0.20349481739049258,-0.038042548447415614,3.315971803934846,0.37870796955267183,0.8317295052344474,0.875,Optimization terminated successfully. (HiGHS Status 7: Optimal),Optimization terminated successfully. (HiGHS Status 7: Optimal)
36,0.05,14,range_scaled,-0.19531744060191272,-0.02986517165883576,3.277533518326387,0.37586748732867314,1.0,0.875,Optimization terminated successfully. (HiGHS Status 7: Optimal),Optimization terminated successfully. (HiGHS Status 7: Optimal)
37,0.05,15,range_scaled,-0.2162707261116258,-0.050818457168548825,3.2919516055161613,0.42369895419108694,1.0,0.875,Optimization terminated successfully. (HiGHS Status 7: Optimal),Optimization terminated successfully. (HiGHS Status 7: Optimal)
38,0.05,16,range_scaled,-0.19372562435706536,-0.0282733554139884,3.2403150786330834,0.39353327742572,1.0,0.875,Optimization terminated successfully. (HiGHS Status 7: Optimal),Optimization terminated successfully. (HiGHS Status 7: Optimal)
39,0.05,17,range_scaled,-0.2233703415277073,-0.05791807258463033,3.3173473499649093,0.36678383018624056,1.0,0.875,Optimization terminated successfully. (HiGHS Status 7: Optimal),Optimization terminated successfully. (HiGHS Status 7: Optimal)
40,0.05,18,range_scaled,-0.21650673582922444,-0.05105446688614748,3.2909617387277117,0.4285081010994943,1.0,0.8940238137027118,Optimization terminated successfully. (HiGHS Status 7: Optimal),Optimization terminated successfully. (HiGHS Status 7: Optimal)
41,0.05,19,range_scaled,-0.21920913183215546,-0.053756862889078494,3.2364750309315835,0.38627960611140355,0.5,1.0,Optimization terminated successfully. (HiGHS Status 7: Optimal),Optimization terminated successfully. (HiGHS Status 7: Optimal)
42,0.1,0,range_scaled,-0.2268256265811355,-0.06137335763805854,6.4119567383887155,0.6677296506809879,1.0,0.875,Optimization terminated successfully. (HiGHS Status 7: Optimal),Optimization terminated successfully. (HiGHS Status 7: Optimal)
43,0.1,1,range_scaled,-0.24153534941078256,-0.0760830804677056,6.421617687323998,0.607577772933431,1.0,0.875,Optimization terminated successfully. (HiGHS Status 7: Optimal),Optimization terminated successfully. (HiGHS Status 7: Optimal)
44,0.1,2,range_scaled,-0.21365925230694488,-0.04820698336386792,6.47351907061398,0.8460992052460365,0.5,1.0,Optimization terminated successfully. (HiGHS Status 7: Optimal),Optimization terminated successfully. (HiGHS Status 7: Optimal)
45,0.1,3,range_scaled,-0.13787137886102066,0.027580890082056303,6.5954440216147585,0.8360396196301108,1.0,0.9304540737768668,Optimization terminated successfully. (HiGHS Status 7: Optimal),Optimization terminated successfully. (HiGHS Status 7: Optimal)
46,0.1,4,range_scaled,-0.23616856317472648,-0.07071629423164952,6.383809642946818,0.825553441950162,1.0,0.9910806788083166,Optimization terminated successfully. (HiGHS Status 7: Optimal),Optimization terminated successfully. (HiGHS Status 7: Optimal)
47,0.1,5,range_scaled,-0.2542947002213492,-0.08884243127827224,6.6082389048613654,0.8784859702500647,1.0,1.0,Optimization terminated successfully. (HiGHS Status 7: Optimal),Optimization terminated successfully. (HiGHS Status 7: Optimal)
48,0.1,6,range_scaled,-0.2915402610742063,-0.1260879921311293,6.670321752351246,0.7387089471286814,1.0,0.8900261474082006,Optimization terminated successfully. (HiGHS Status 7: Optimal),Optimization terminated successfully. (HiGHS Status 7: Optimal)
49,0.1,7,range_scaled,-0.23930423816070234,-0.07385196921762538,6.58454733620774,0.7618438992901192,1.0,0.875,Optimization terminated successfully. (HiGHS Status 7: Optimal),Optimization terminated successfully. (HiGHS Status 7: Optimal)
50,0.1,8,range_scaled,-0.23803939803158136,-0.0725871290885044,6.5460319088287084,0.8552355517946315,1.0,0.563048312539878,Optimization terminated successfully. (HiGHS Status 7: Optimal),Optimization terminated successfully. (HiGHS Status 7: Optimal)
51,0.1,9,range_scaled,-0.30959498512111905,-0.14414271617804209,6.400938518767992,0.7530719510227051,1.0,0.9426111629217516,Optimization terminated successfully. (HiGHS Status 7: Optimal),Optimization terminated successfully. (HiGHS Status 7: Optimal)
52,0.1,10,range_scaled,-0.25633909416830297,-0.09088682522522601,6.618767652458361,0.7065612396206649,1.0,0.9999999999999998,Optimization terminated successfully. (HiGHS Status 7: Optimal),Optimization terminated successfully. (HiGHS Status 7: Optimal)
53,0.1,11,range_scaled,-0.21937615888760414,-0.05392388994452718,6.559097589586536,0.9578028841863128,0.5,1.0,Optimization terminated successfully. (HiGHS Status 7: Optimal),Optimization terminated successfully. (HiGHS Status 7: Optimal)
54,0.1,12,range_scaled,-0.2813104327379925,-0.11585816379491554,6.382662407708954,0.8142895018146448,1.0,0.875,Optimization terminated successfully. (HiGHS Status 7: Optimal),Optimization terminated successfully. (HiGHS Status 7: Optimal)
55,0.1,13,range_scaled,-0.14125024947864648,0.024202019464430485,6.541748969926051,0.6366126861305723,0.5,0.875,Optimization terminated successfully. (HiGHS Status 7: Optimal),Optimization terminated successfully. (HiGHS Status 7: Optimal)
56,0.1,14,range_scaled,-0.19184793242298526,-0.026395663479908293,6.476248436184674,0.7761681220775617,1.0,0.925837230491748,Optimization terminated successfully. (HiGHS Status 7: Optimal),Optimization terminated successfully. (HiGHS Status 7: Optimal)
57,0.1,15,range_scaled,-0.21233480319194634,-0.04688253424886937,6.549300305190125,0.7180466315945542,1.0,1.0,Optimization terminated successfully. (HiGHS Status 7: Optimal),Optimization terminated successfully. (HiGHS Status 7: Optimal)
58,0.1,16,range_scaled,-0.3568329723374592,-0.19138070339438223,6.5538967961511485,0.8821849979017938,1.0,1.0,Optimization terminated successfully. (HiGHS Status 7: Optimal),Optimization terminated successfully. (HiGHS Status 7: Optimal)
59,0.1,17,range_scaled,-0.22184427663418538,-0.056392007691108414,6.50664485449014,0.7600317826107643,1.0,0.875,Optimization terminated successfully. (HiGHS Status 7: Optimal),Optimization terminated successfully. (HiGHS Status 7: Optimal)
60,0.1,18,range_scaled,-0.280997799713859,-0.11554553077078206,6.725022085504273,0.8114763628187566,1.0,0.875,Optimization terminated successfully. (HiGHS Status 7: Optimal),Optimization terminated successfully. (HiGHS Status 7: Optimal)
61,0.1,19,range_scaled,-0.2729327796420157,-0.10748051069893871,6.547392406412593,0.7499614681326799,1.0,0.875,Optimization terminated successfully. (HiGHS Status 7: Optimal),Optimization terminated successfully. (HiGHS Status 7: Optimal)
